ID,VendorID,tpep_pickup_datetime,tpep_dropoff_datetime,passenger_count,trip_distance,RatecodeID,store_and_fwd_flag,PULocationID,DOLocationID,payment_type,fare_amount,extra,mta_tax,tip_amount,tolls_amount,improvement_surcharge,total_amount
,2,2017-01-29 06:03:43,2017-01-29 06:08:53,1,3.63,6,N,200,235,2,3.5,0,0.5,0,0,0.3,4.3
,1,2017-01-24 09:10:28,2017-01-24 09:10:33,1,9.1,6,N,138,138,2,2.5,0,0.5,0,0,0.3,3.3
,1,2017-01-09 22:55:00,2017-01-09 22:55:47,1,0.1,6,N,68,68,1,2.5,0,0.5,35,10,0.3,48.3
,1,2017-01-21 14:15:49,2017-01-21 14:15:58,1,0,6,N,231,231,2,4.5,0,0.5,0,0,0.3,5.3
,1,2017-01-06 09:13:56,2017-01-06 09:14:10,2,0,6,N,132,132,2,3.5,0,0.5,0,0,0.3,4.3
,1,2017-01-14 14:57:45,2017-01-14 14:57:45,1,0,6,N,97,264,2,2.5,0,0.5,0,0,0.3,3.3
,1,2017-01-16 15:14:06,2017-01-16 15:14:10,1,0,6,N,41,41,2,5.5,0,0.5,0,0,0.3,6.3
,1,2017-01-10 14:46:42,2017-01-10 14:46:42,2,0,6,N,230,264,2,5.5,0,0.5,0,0,0.3,6.3
,2,2017-01-24 09:39:11,2017-01-24 09:39:51,1,0.06,6,N,87,87,2,5.5,0,0.5,0,0,0.3,6.3
,1,2017-01-11 17:49:34,2017-01-11 18:37:36,3,9,6,N,164,69,2,2.5,0,0.5,0,0,0.3,3.3
,1,2017-01-01 16:31:09,2017-01-01 16:31:09,1,0,6,N,219,264,2,0,0,0,0,0,0,0
,2,2017-01-12 22:18:39,2017-01-12 22:18:45,1,0,6,N,264,132,2,5.5,0,0.5,0,0,0.3,6.3
,1,2017-01-14 09:00:12,2017-01-14 09:16:12,1,3.4,6,N,148,161,2,3.5,0,0.5,0,0,0.3,4.3
,1,2017-01-07 20:07:54,2017-01-07 20:07:57,1,11.4,6,N,265,265,2,2.5,0,0.5,0,0,0.3,3.3
,1,2017-01-11 10:32:15,2017-01-11 10:32:25,1,3.3,6,N,246,246,1,2.5,0,0.5,0.95,0,0.3,4.25
,2,2017-02-21 15:52:37,2017-02-21 15:52:41,1,0,6,N,264,264,2,500,0.8,0.5,0,0,0.3,501.6
,1,2017-01-18 13:41:58,2017-01-18 13:42:05,1,0.9,6,N,162,162,2,4.5,0,0.5,0,0,0.3,5.3
,1,2017-01-21 18:07:34,2017-01-21 18:07:38,1,5.6,6,N,68,68,2,2.5,0,0.5,0,0,0.3,3.3
,1,2017-01-18 06:48:07,2017-01-18 06:48:07,1,0,6,N,127,264,2,2.5,0,0.5,0,0,0.3,3.3
,1,2017-01-15 10:52:22,2017-01-15 10:52:33,1,0,6,N,132,132,2,2.5,0,0.5,0,0,0.3,3.3
,1,2017-01-01 10:03:39,2017-01-01 10:04:06,1,0,6,N,1,1,1,2.5,0,0.5,147,0,0.3,150.3
,1,2017-01-29 20:10:11,2017-01-29 20:10:15,1,0,6,N,265,265,2,2.5,0,0.5,0,0,0.3,3.3
,1,2017-01-25 12:02:19,2017-01-25 12:06:10,1,0.1,6,N,230,230,2,2.5,0,0.5,0,0,0.3,3.3
,1,2017-01-20 09:56:42,2017-01-20 09:57:05,1,0.1,6,N,265,265,2,2.5,0,0.5,0,0,0.3,3.3
,1,2017-01-09 06:11:01,2017-01-09 06:15:05,1,0,6,N,145,145,2,2.5,0,0.5,0,0,0.3,3.3
,1,2017-01-15 17:53:32,2017-01-15 17:54:23,2,0,6,N,100,100,2,2.5,0,0.5,0,0,0.3,3.3
,1,2017-01-08 03:59:53,2017-01-08 04:00:05,1,0,6,N,265,265,2,2.5,0,0.5,0,0,0.3,3.3
,1,2017-01-28 05:49:32,2017-01-28 05:50:35,1,0.1,6,N,264,264,1,2.5,0,0.5,2,0,0.3,5.3
,2,2017-01-12 09:18:15,2017-01-12 09:19:46,1,0.06,6,N,88,88,2,5.5,0,0.5,0,0,0.3,6.3
,1,2017-01-11 09:52:13,2017-01-11 09:52:15,1,0,6,N,161,161,2,2.5,0,0.5,0,0,0.3,3.3
,1,2017-02-15 12:07:20,2017-02-15 12:15:05,1,0.5,6,N,87,45,2,2.5,0,0.5,0,0,0.3,3.3
,1,2017-02-10 02:10:56,2017-02-10 02:10:59,1,1.2,6,N,186,186,2,2.5,0,0.5,0,0,0.3,3.3
,1,2017-02-01 05:25:08,2017-02-01 05:25:15,1,0,6,N,132,132,2,2.5,0,0.5,0,0,0.3,3.3
,1,2017-02-15 17:39:11,2017-02-15 17:39:20,1,0,6,N,138,138,2,2.5,0,0.5,0,0,0.3,3.3
,1,2017-02-23 02:00:07,2017-02-23 02:00:14,1,0,6,N,145,145,2,2.5,0,0.5,0,0,0.3,3.3
,1,2017-02-11 08:18:51,2017-02-11 08:19:13,1,0,6,N,265,265,1,2.5,0,0.5,350,0,0.3,353.3
,1,2017-02-11 20:15:45,2017-02-11 20:15:52,1,0,6,N,142,142,1,2.5,0,0.5,35,0,0.3,38.3
,1,2017-01-29 11:22:06,2017-01-29 11:22:21,1,0,6,N,209,209,2,2.5,0,0.5,0,0,0.3,3.3
,1,2017-01-04 00:49:55,2017-01-04 00:50:12,1,0,6,N,48,48,1,2.5,0,0.5,4.7,0,0.3,8
,1,2017-01-23 17:29:04,2017-01-23 17:29:07,1,0,6,N,143,143,1,2.5,0,0.5,15,0,0.3,18.3
,1,2017-02-21 13:39:29,2017-02-21 13:41:44,1,0.3,6,N,237,237,1,2.5,0,0.5,0.8,0,0.3,4.1
,1,2017-02-08 11:56:38,2017-02-08 11:56:47,1,0,6,N,142,142,1,2.5,0,0.5,11.51,0,0.3,14.81
,2,2017-02-05 23:09:11,2017-02-05 23:13:44,1,0.54,6,N,131,28,2,5.5,0,0.5,0,0,0.3,6.3
,2,2017-02-21 15:53:14,2017-02-21 15:53:20,1,0,6,N,264,264,2,499,0.8,0.5,0,0,0.3,500.6
,1,2017-02-02 06:35:19,2017-02-02 06:38:39,1,0.2,6,N,263,236,2,2.5,0,0.5,0,0,0.3,3.3
,1,2017-02-28 20:16:04,2017-02-28 20:39:46,1,14.5,6,N,249,265,1,2.5,0,0.5,60,22.3,0.3,85.6
,1,2017-01-01 16:38:27,2017-01-01 16:38:27,1,0,6,N,216,264,2,0,0,0,0,0,0,0
,1,2017-01-29 00:31:48,2017-01-29 00:31:59,1,4.8,6,N,68,68,2,2.5,0,0.5,0,0,0.3,3.3
,1,2017-01-25 10:51:02,2017-01-25 10:51:07,1,0,6,N,125,125,2,2.5,0,0.5,0,0,0.3,3.3
,1,2017-01-03 07:05:27,2017-01-03 07:05:27,1,0,6,N,164,264,2,2.5,0,0.5,0,0,0.3,3.3
,1,2017-01-23 10:05:45,2017-01-23 10:05:50,1,0,6,N,234,234,2,2.5,0,0.5,0,0,0.3,3.3
,1,2017-01-09 07:26:13,2017-01-09 07:35:23,1,1.6,6,N,145,179,2,2.5,0,0.5,0,0,0.3,3.3
,1,2017-02-25 09:39:33,2017-02-25 09:39:39,1,0,6,N,145,145,2,2.5,0,0.5,0,0,0.3,3.3
,1,2017-02-13 09:28:34,2017-02-13 09:28:47,1,7.7,6,N,265,265,1,2.5,0,0.5,115,0,0.3,118.3
,1,2017-01-11 18:55:21,2017-01-11 18:55:34,1,0,6,N,247,247,2,3.5,0,0.5,0,0,0.3,4.3
,1,2017-01-03 03:57:46,2017-01-03 03:58:11,1,0,6,N,41,41,2,2.5,0,0.5,0,0,0.3,3.3
,1,2017-01-26 16:57:45,2017-01-26 16:57:50,1,0,6,N,132,132,2,2.5,0,0.5,0,0,0.3,3.3
,1,2017-02-05 14:44:52,2017-02-05 14:48:37,2,0.9,6,N,75,141,2,2.5,0,0.5,0,0,0.3,3.3
,1,2017-02-04 11:57:04,2017-02-04 11:57:21,1,4.1,6,N,265,265,2,2.5,0,0.5,0,0,0.3,3.3
,2,2017-02-21 15:50:50,2017-02-21 15:50:58,6,0,6,N,264,264,2,750,0.8,0.5,0,0,0.3,751.6
,2,2017-01-12 22:16:34,2017-01-12 22:17:14,1,0,6,N,132,132,2,3.5,0,0.5,0,0,0.3,4.3
,1,2017-02-20 21:53:51,2017-02-20 21:53:51,2,0,6,N,264,264,2,0,0,0,0,0,0,0
,1,2017-02-23 21:17:34,2017-02-23 21:17:50,1,0,6,N,140,140,1,5.5,0,0.5,10,0,0.3,16.3
,2,2017-02-05 22:30:33,2017-02-05 22:45:48,1,0,6,N,28,28,2,5.5,0,0.5,0,0,0.3,6.3
,2,2017-02-07 01:35:20,2017-02-07 04:59:36,1,26.73,6,N,28,28,2,5.5,0,0.5,0,0,0.3,6.3
,1,2017-02-11 06:33:23,2017-02-11 06:47:14,1,10.3,6,N,132,155,2,2.5,0,0.5,0,0,0.3,3.3
,1,2017-02-17 08:55:57,2017-02-17 08:56:03,1,0.1,6,N,161,161,2,2.5,0,0.5,0,0,0.3,3.3
,1,2017-02-16 19:52:03,2017-02-16 19:57:13,2,0.6,6,N,143,143,2,2.5,0,0.5,0,0,0.3,3.3
,1,2017-02-25 18:04:27,2017-02-25 18:16:54,2,1.4,6,N,263,229,2,2.5,0,0.5,0,0,0.3,3.3
,1,2017-02-25 19:53:35,2017-02-25 19:57:45,2,0.6,6,N,236,237,1,2.5,0,0.5,0.66,0,0.3,3.96
,1,2017-02-10 09:35:05,2017-02-10 09:57:03,1,1.9,6,N,140,170,1,2.5,0,0.5,10,0,0.3,13.3
,1,2017-02-13 12:23:17,2017-02-13 12:23:35,1,0,6,N,145,145,2,5.5,0,0.5,0,0,0.3,6.3
,1,2017-02-16 17:33:51,2017-02-16 17:33:54,1,0,6,N,246,246,2,3.5,0,0.5,0,0,0.3,4.3
,1,2017-02-23 21:12:55,2017-02-23 21:17:46,3,1.2,6,N,132,132,2,2.5,0,0.5,0,0,0.3,3.3
,1,2017-03-17 01:12:52,2017-03-17 01:12:56,1,0,6,N,264,264,2,2.5,0,0.5,0,0,0.3,3.3
,1,2017-03-31 06:13:30,2017-03-31 06:13:35,1,0,6,N,87,87,2,2.5,0,0.5,0,0,0.3,3.3
,2,2017-01-29 11:10:50,2017-01-29 11:12:11,1,0,6,N,26,26,2,2.5,0,0.5,0,0,0.3,3.3
,2,2017-01-30 08:58:15,2017-01-30 08:58:55,1,0.02,6,N,88,88,2,5.5,0,0.5,0,0,0.3,6.3
,2,2017-01-13 23:10:04,2017-01-13 23:10:19,1,0,6,N,79,79,2,5.5,0,0.5,0,0,0.3,6.3
,1,2017-01-06 12:17:43,2017-01-06 12:17:54,1,0,6,N,234,234,2,2.5,0,0.5,0,0,0.3,3.3
,2,2017-01-06 09:47:29,2017-01-06 09:47:38,1,0,6,N,138,138,2,2.5,0,0.5,0,0,0.3,3.3
,1,2017-01-18 06:47:17,2017-01-18 06:47:17,1,0,6,N,127,264,2,2.5,0,0.5,0,0,0.3,3.3
,1,2017-01-22 03:15:51,2017-01-22 03:19:28,1,1.2,6,N,263,229,1,2.5,0,0.5,3,0,0.3,6.3
,1,2017-03-24 17:20:56,2017-03-24 17:21:36,1,0.1,6,N,261,13,2,2.5,0,0.5,0,0,0.3,3.3
,1,2017-03-22 12:15:28,2017-03-22 12:18:12,1,0.1,6,N,162,162,2,2.5,0,0.5,0,0,0.3,3.3
,2,2017-03-23 14:02:58,2017-03-23 14:05:15,1,0.07,6,N,90,90,2,5.5,0,0.5,0,0,0.3,6.3
,1,2017-03-29 16:22:49,2017-03-29 16:26:23,1,0,6,N,230,230,2,2.5,0,0.5,0,0,0.3,3.3
,1,2017-03-30 16:03:33,2017-03-30 16:08:17,2,0.4,6,N,264,264,1,2.5,0,0.5,0.65,0,0.3,3.95
,1,2017-02-04 22:00:53,2017-02-04 22:07:54,4,0.9,6,N,162,230,2,2.5,0,0.5,0,0,0.3,3.3
,1,2017-02-10 10:35:15,2017-02-10 10:36:55,1,0.3,6,N,40,40,2,2.5,0,0.5,0,0,0.3,3.3
,1,2017-02-07 06:13:57,2017-02-07 06:14:27,1,0,6,N,162,162,2,2.5,0,0.5,0,0,0.3,3.3
,2,2017-02-10 12:55:26,2017-02-10 12:55:36,1,0,6,N,158,158,1,5.5,0,0.5,1,0,0.3,7.3
,2,2017-02-20 09:16:32,2017-02-20 09:28:26,1,6.55,6,N,140,87,2,5.5,0,0.5,0,0,0.3,6.3
,2,2017-02-21 15:51:31,2017-02-21 15:51:37,1,0,6,N,264,264,2,400,0.8,0.5,0,0,0.3,401.6
,1,2017-02-15 22:13:38,2017-02-15 22:13:42,1,0,6,N,132,132,2,2.5,0,0.5,0,0,0.3,3.3
,2,2017-02-04 08:08:41,2017-02-04 08:09:17,1,0,6,N,230,230,2,2.5,0,0.5,0,0,0.3,3.3
,1,2017-02-01 05:41:45,2017-02-01 05:41:52,1,0,6,N,161,161,1,2.5,0,0.5,5,0,0.3,8.3
,2,2017-01-27 22:27:46,2017-01-27 22:29:44,1,0,6,N,152,152,2,5.5,0,0.5,0,0,0.3,6.3
,1,2017-01-10 22:45:32,2017-01-10 22:45:38,1,0,6,N,265,265,2,2.5,0,0.5,0,0,0.3,3.3
,1,2017-01-03 21:02:37,2017-01-03 21:02:39,1,0,6,N,132,132,2,2.5,0,0.5,0,0,0.3,3.3
,1,2017-03-04 19:55:11,2017-03-04 19:55:24,1,0,6,N,13,231,2,5.5,0,0.5,0,0,0.3,6.3
,1,2017-03-14 11:01:46,2017-03-14 11:05:38,1,0.4,6,N,238,238,1,5.5,0,0.5,0.95,0,0.3,7.25
,2,2017-03-31 13:39:59,2017-03-31 13:40:23,1,0,6,N,142,142,2,2.5,0,0.5,0,0,0.3,3.3
,1,2017-02-02 20:37:08,2017-02-02 20:37:17,1,0,6,N,186,186,2,5.5,0,0.5,0,0,0.3,6.3
,1,2017-02-26 15:19:59,2017-02-26 15:22:10,1,3.4,6,N,10,10,2,3.5,0,0.5,0,0,0.3,4.3
,1,2017-03-11 10:15:02,2017-03-11 10:15:54,1,1.6,6,N,166,166,2,3.5,0,0.5,0,0,0.3,4.3
,1,2017-03-30 20:19:01,2017-03-30 20:19:10,1,0.1,6,N,132,132,2,3.5,0,0.5,0,0,0.3,4.3
,1,2017-03-18 22:11:25,2017-03-18 22:11:44,1,0,6,N,107,107,2,2.5,0,0.5,0,0,0.3,3.3
,1,2017-03-30 01:41:43,2017-03-30 01:41:52,1,0,6,N,161,161,2,655.34,0,0.5,0,0,0.3,656.14
,1,2017-03-24 21:05:40,2017-03-24 21:05:55,1,0,6,N,249,249,2,2.5,0,0.5,0,0,0.3,3.3
,1,2017-03-15 18:05:15,2017-03-15 18:05:23,1,0,6,N,226,226,2,2.5,0,0.5,0,0,0.3,3.3
,1,2017-03-17 01:15:27,2017-03-17 01:56:51,1,12.4,6,N,233,265,2,2.5,0,0.5,0,10.5,0.3,13.8
,1,2017-02-08 22:25:29,2017-02-08 22:25:33,1,0,6,N,166,166,2,2.5,0,0.5,0,0,0.3,3.3
,1,2017-02-26 05:39:27,2017-02-26 05:39:47,1,0,6,N,100,100,2,2.5,0,0.5,0,0,0.3,3.3
,1,2017-02-26 01:29:10,2017-02-26 01:37:55,1,1.4,6,N,100,107,2,2.5,0,0.5,0,0,0.3,3.3
,1,2017-03-19 17:53:29,2017-03-19 17:53:34,1,0,6,N,164,164,2,2.5,0,0.5,0,0,0.3,3.3
,1,2017-03-24 19:38:40,2017-03-24 19:38:44,1,0,6,N,161,161,2,2.5,0,0.5,0,0,0.3,3.3
,1,2017-03-08 13:47:32,2017-03-08 13:48:12,1,0,6,N,48,48,2,2.5,0,0.5,0,0,0.3,3.3
,1,2017-03-07 17:15:50,2017-03-07 17:15:54,1,0,6,N,42,42,2,2.5,0,0.5,0,0,0.3,3.3
,1,2017-04-01 09:23:30,2017-04-01 09:25:43,1,0.6,6,N,236,237,2,2.5,0,0.5,0,0,0.3,3.3
,2,2017-03-19 15:44:55,2017-03-19 15:45:00,1,0,6,N,237,237,2,5.5,0,0.5,0,0,0.3,6.3
,1,2017-03-20 15:11:09,2017-03-20 15:11:30,1,20.8,6,N,1,1,2,3.5,0,0.5,0,0,0.3,4.3
,1,2017-03-13 00:31:03,2017-03-13 00:31:15,1,0,6,N,83,83,1,2.5,0,0.5,80,0,0.3,83.3
,1,2017-03-20 14:07:35,2017-03-20 15:05:09,1,20.8,6,N,207,1,2,2.5,0,0.5,0,0,0.3,3.3
,1,2017-03-29 13:57:23,2017-03-29 13:57:29,1,0,6,N,238,238,2,2.5,0,0.5,0,0,0.3,3.3
,1,2017-03-26 07:29:22,2017-03-26 07:31:07,1,0.1,6,N,265,265,1,2.5,0,0.5,15.65,75,0.3,93.95
,1,2017-03-05 04:15:00,2017-03-05 04:15:00,1,0,6,N,50,264,2,2.5,0,0.5,0,0,0.3,3.3
,1,2017-03-20 11:46:21,2017-03-20 11:46:35,1,0,6,N,138,138,2,2.5,0,0.5,0,0,0.3,3.3
,1,2017-03-06 19:00:10,2017-03-06 19:00:13,1,0,6,N,246,246,2,2.5,0,0.5,0,0,0.3,3.3
,1,2017-03-25 10:02:05,2017-03-25 10:02:05,1,0,6,N,264,264,2,2.5,0,0.5,0,0,0.3,3.3
,1,2017-04-25 00:28:35,2017-04-25 00:31:08,2,1.3,6,N,132,132,2,2.5,0,0.5,0,0,0.3,3.3
,1,2017-04-20 13:11:46,2017-04-20 13:11:50,1,1.8,6,N,162,162,2,2.5,0,0.5,0,0,0.3,3.3
,1,2017-04-14 14:01:23,2017-04-14 14:01:34,1,0,6,N,90,90,2,2.5,0,0.5,0,0,0.3,3.3
,1,2017-04-07 15:59:31,2017-04-07 15:59:49,1,14.8,6,N,1,1,2,2.5,0,0.5,0,0,0.3,3.3
,1,2017-04-14 08:59:48,2017-04-14 08:59:53,1,0,6,N,68,68,1,2.5,0,0.5,3,0,0.3,6.3
,2,2017-02-25 04:03:05,2017-02-25 04:03:48,1,0,6,N,87,87,2,3.5,0,0.5,0,0,0.3,4.3
,1,2017-02-26 06:46:08,2017-02-26 06:46:12,1,3.4,6,N,238,238,2,3.5,0,0.5,0,0,0.3,4.3
,1,2017-02-26 15:13:31,2017-02-26 15:13:31,1,0,6,N,132,264,2,3.5,0,0.5,0,0,0.3,4.3
,1,2017-02-26 15:13:03,2017-02-26 15:13:03,1,0,6,N,132,264,2,3.5,0,0.5,0,0,0.3,4.3
,1,2017-02-26 08:12:22,2017-02-26 08:16:18,2,0.5,6,N,186,90,2,2.5,0,0.5,0,0,0.3,3.3
,1,2017-02-10 22:39:17,2017-02-10 22:40:18,1,0,6,N,141,141,2,655.34,0,0.5,0,0,0.3,656.14
,1,2017-04-04 07:53:16,2017-04-04 07:53:22,1,0,6,N,145,145,2,2.5,0,0.5,0,0,0.3,3.3
,1,2017-04-29 11:01:43,2017-04-29 11:01:45,1,0,6,N,112,112,2,2.5,0,0.5,0,0,0.3,3.3
,1,2017-04-08 11:01:06,2017-04-08 11:04:19,1,0.6,6,N,125,113,1,2.5,0,0.5,7,0,0.3,10.3
,1,2017-04-04 08:06:50,2017-04-04 08:07:07,1,0,6,N,226,226,2,2.5,0,0.5,0,0,0.3,3.3
,1,2017-04-15 09:27:13,2017-04-15 09:27:13,1,0,6,N,162,264,2,655.35,0,0.5,0,0,0.3,656.15
,1,2017-02-16 15:59:54,2017-02-16 16:00:08,1,0,6,N,237,237,2,2.5,0,0.5,0,0,0.3,3.3
,1,2017-02-17 08:57:09,2017-02-17 08:57:20,1,0.1,6,N,161,161,2,2.5,0,0.5,0,0,0.3,3.3
,1,2017-02-12 14:25:24,2017-02-12 14:25:28,1,4.9,6,N,261,261,2,2.5,0,0.5,0,0,0.3,3.3
,1,2017-02-17 12:56:02,2017-02-17 12:56:12,1,0,6,N,237,237,2,8.97,0,0.5,0,0,0.3,9.77
,1,2017-02-11 01:09:07,2017-02-11 01:09:11,1,0,6,N,265,265,2,655.34,0,0.5,0,0,0.3,656.14
,1,2017-03-14 00:07:07,2017-03-14 00:07:07,1,0,6,N,132,264,2,5.5,0,0.5,0,0,0.3,6.3
,1,2017-03-22 16:31:16,2017-03-22 16:31:21,1,18.2,6,N,264,264,1,3.5,0,0.5,70.7,0,0.3,75
,1,2017-03-25 09:57:18,2017-03-25 09:57:18,1,0,6,N,264,264,2,2.5,0,0.5,0,0,0.3,3.3
,1,2017-03-03 06:54:24,2017-03-03 06:54:31,2,0,6,N,207,207,2,2.5,0,0.5,0,0,0.3,3.3
,1,2017-03-03 13:33:47,2017-03-03 13:33:55,1,0,6,N,233,233,2,2.5,0,0.5,0,0,0.3,3.3
,1,2017-03-05 19:03:24,2017-03-05 19:24:53,1,9.1,6,N,138,262,2,2.5,0,0.5,0,5.54,0.3,8.84
,2,2017-04-27 16:52:37,2017-04-27 16:55:11,2,0.53,6,N,170,170,2,-2.5,0,-0.5,0,0,-0.3,-3.3
,2,2017-04-27 15:14:06,2017-04-27 15:14:16,1,0.01,6,N,211,211,1,5.5,0,0.5,1.26,0,0.3,7.56
,1,2017-04-01 22:44:40,2017-04-01 22:44:40,1,0,6,N,138,264,2,2.5,0,0.5,0,0,0.3,3.3
,1,2017-04-28 09:15:41,2017-04-28 09:15:53,1,0,6,N,181,181,2,2.5,0,0.5,0,0,0.3,3.3
,1,2017-04-14 17:53:54,2017-04-14 17:53:54,1,0,6,N,50,264,2,2000,0,0.5,0,0,0.3,2000.8
,1,2017-03-16 21:17:29,2017-03-16 21:17:36,1,0,6,N,100,100,2,5.5,0,0.5,0,0,0.3,6.3
,1,2017-03-11 10:39:28,2017-03-11 10:39:36,1,0.4,6,N,13,13,2,2.5,0,0.5,0,0,0.3,3.3
,1,2017-03-21 22:11:28,2017-03-21 22:11:45,1,0,6,N,24,24,2,2.5,0,0.5,0,0,0.3,3.3
,1,2017-03-13 12:16:45,2017-03-13 12:21:20,1,0,6,N,161,161,2,2.5,0,0.5,0,0,0.3,3.3
,1,2017-03-28 07:03:59,2017-03-28 07:04:10,1,0.1,6,N,226,226,2,2.5,0,0.5,0,0,0.3,3.3
,1,2017-04-10 14:07:00,2017-04-10 14:07:11,1,0,6,N,265,265,2,2.5,0,0.5,0,0,0.3,3.3
,2,2017-04-27 21:43:21,2017-04-27 21:43:38,2,0,6,N,140,140,2,2.5,0.5,0.5,0,0,0.3,3.8
,1,2017-04-09 22:53:12,2017-04-09 22:55:28,1,0.2,6,N,211,211,2,2.5,0,0.5,0,0,0.3,3.3
,1,2017-08-01 16:01:52,2017-08-01 16:01:52,1,0,6,N,93,264,2,1.01,0,0.5,0,0,0.3,1.81
,1,2017-07-31 12:29:19,2017-07-31 12:29:48,1,0.8,6,N,215,130,2,0,0,0,0,0,0,0
,2,2017-07-27 16:19:12,2017-07-27 16:20:28,1,0,6,N,148,148,2,5.5,0,0.5,0,0,0.3,6.3
,1,2017-07-17 11:52:47,2017-07-17 11:53:03,1,0.2,6,N,132,132,2,4.5,0,0.5,0,0,0.3,5.3
,1,2017-05-07 21:20:28,2017-05-07 21:20:40,1,0,6,N,215,215,2,5.5,0,0.5,0,0,0.3,6.3
,1,2017-05-16 21:26:22,2017-05-16 21:26:31,1,0,6,N,237,237,2,2.5,0,0.5,0,0,0.3,3.3
,1,2017-05-29 15:45:51,2017-05-29 15:46:24,1,0,6,N,255,255,1,2.5,0,0.5,1,16,0.3,20.3
,2,2017-05-04 08:49:23,2017-05-04 09:08:23,1,6.56,6,N,262,88,2,5.5,0,0.5,0,0,0.3,6.3
,1,2017-05-23 15:24:12,2017-05-23 15:24:16,1,0,6,Y,132,132,2,2.5,0,0.5,0,0,0.3,3.3
,1,2017-05-13 00:55:08,2017-05-13 00:55:12,1,3,6,N,17,17,1,2.5,0,0.5,20.22,0,0.3,23.52
,2,2017-04-09 21:45:43,2017-04-09 21:45:55,1,0,6,N,132,132,2,5.5,0,0.5,0,0,0.3,6.3
,1,2017-04-12 15:22:55,2017-04-12 15:23:14,1,0,6,N,142,142,2,3.5,0,0.5,0,0,0.3,4.3
,1,2017-04-09 18:22:24,2017-04-09 18:22:45,1,0,6,N,138,138,2,2.5,0,0.5,0,0,0.3,3.3
,1,2017-04-05 05:44:18,2017-04-05 05:45:53,1,0.4,6,N,151,238,2,2.5,0,0.5,0,0,0.3,3.3
,1,2017-04-25 18:27:02,2017-04-25 18:27:10,1,8.8,6,N,132,132,2,2.5,0,0.5,0,0,0.3,3.3
,1,2017-07-30 00:09:25,2017-07-30 00:09:40,1,0,6,N,79,79,2,2.5,0,0.5,0,0,0.3,3.3
,1,2017-07-09 15:21:15,2017-07-09 15:30:05,3,1.1,6,N,43,162,2,2.5,0,0.5,0,0,0.3,3.3
,1,2017-12-05 21:49:02,2017-12-05 21:49:43,1,1.9,6,N,229,229,2,0,0,0,0,0,0,0
,1,2017-12-08 23:49:15,2017-12-09 00:03:55,2,1.7,6,N,113,170,2,2.5,0,0.5,0,0,0.3,3.3
,1,2017-12-19 04:52:07,2017-12-19 04:52:31,1,0,6,N,100,186,2,2.5,0,0.5,0,0,0.3,3.3
,1,2017-10-29 01:11:34,2017-10-29 01:12:12,1,0,6,N,147,147,2,2.5,0,0.5,0,0,0.3,3.3
,1,2017-10-18 05:43:53,2017-10-18 05:44:54,0,0.1,6,N,247,247,2,2.5,0,0.5,0,0,0.3,3.3
,1,2017-10-23 15:31:20,2017-10-23 15:31:33,1,0,6,N,138,138,2,2.5,0,0.5,0,0,0.3,3.3
,1,2017-11-21 17:43:15,2017-11-21 17:43:21,1,0.9,6,N,249,249,2,3.5,0,0.5,0,0,0.3,4.3
,1,2017-11-02 22:37:23,2017-11-02 22:37:52,1,0,6,N,265,265,2,3.5,0,0.5,0,0,0.3,4.3
,1,2017-07-07 12:33:01,2017-07-07 12:33:05,1,0,6,N,162,162,1,2.5,0,0.5,15,0,0.3,18.3
,1,2017-07-03 07:48:17,2017-07-03 08:00:57,1,6.4,6,N,132,134,2,6666.65,0,0.5,0,0,0.3,6667.45
,2,2017-09-02 22:10:54,2017-09-02 22:10:57,1,0,6,N,144,144,2,2.5,0,0.5,0,0,0.3,3.3
,1,2017-09-14 21:03:53,2017-09-14 21:25:04,5,2.6,6,N,144,230,1,2.5,0,0.5,0,0,0.3,3.3
,1,2017-09-23 18:28:46,2017-09-23 18:29:10,1,0,6,N,158,158,2,2.5,0,0.5,0,0,0.3,3.3
,2,2017-08-22 08:56:20,2017-08-22 08:56:49,1,0,6,N,164,161,1,5.5,0,0.5,1.26,0,0.3,7.56
,1,2017-08-04 21:27:08,2017-08-04 21:27:20,1,0,6,N,48,48,2,2.5,0,0.5,0,0,0.3,3.3
,1,2017-07-28 03:12:38,2017-07-28 03:12:47,1,0,6,N,4,4,2,2.5,0,0.5,0,0,0.3,3.3
,1,2017-07-19 13:29:14,2017-07-19 13:29:21,1,0,6,N,231,231,2,2.5,0,0.5,0,0,0.3,3.3
,2,2017-06-26 08:01:48,2017-06-26 08:21:55,1,6.81,6,N,140,88,2,5.5,0,0.5,0,0,0.3,6.3
,1,2017-06-28 13:47:42,2017-06-28 13:53:14,1,1.7,6,N,129,93,2,2.5,0,0.5,0,0,0.3,3.3
,2,2017-10-05 06:06:14,2017-10-05 06:06:32,1,0,6,N,138,138,1,5.5,0,0.5,26,0,0.3,32.3
,1,2017-10-31 03:29:13,2017-10-31 03:29:24,1,8.3,6,N,87,87,2,2.5,0,0.5,0,0,0.3,3.3
,1,2017-10-10 15:40:16,2017-10-10 15:40:26,1,0,6,N,261,261,2,2.5,0,0.5,0,0,0.3,3.3
,1,2017-10-08 14:49:10,2017-10-08 14:50:29,2,0,6,N,100,164,2,2.5,0,0.5,0,0,0.3,3.3
,1,2017-08-24 23:52:10,2017-08-24 23:52:20,1,0,6,N,144,144,2,0.02,0,0.5,0,0,0.3,0.82
,1,2017-08-22 16:59:58,2017-08-22 17:00:05,1,0,6,N,163,163,2,5.5,0,0.5,0,0,0.3,6.3
,2,2017-08-25 23:38:56,2017-08-25 23:39:17,1,0,6,N,132,132,2,2.5,0,0.5,0,0,0.3,3.3
,1,2017-08-11 09:09:40,2017-08-11 09:09:51,1,0,6,N,265,265,2,2.5,0,0.5,0,0,0.3,3.3
,1,2017-08-15 07:35:55,2017-08-15 07:36:08,1,0,6,N,132,132,2,2.5,0,0.5,0,0,0.3,3.3
,1,2017-12-23 13:45:17,2017-12-23 13:47:00,2,1.3,6,N,264,264,2,3.5,0,0.5,0,0,0.3,4.3
,1,2017-12-16 18:57:13,2017-12-16 19:08:58,1,0.9,6,N,107,148,2,2.5,0,0.5,0,0,0.3,3.3
,1,2017-12-13 04:07:34,2017-12-13 04:07:53,1,0,6,N,90,90,2,2.5,0,0.5,0,0,0.3,3.3
,1,2017-12-02 02:06:37,2017-12-02 02:07:01,1,0,6,N,158,158,2,2.5,0,0.5,0,0,0.3,3.3
,2,2017-09-13 13:22:10,2017-09-13 13:22:16,3,0,6,N,193,193,2,0,0,0,0,0,0,0
,1,2017-09-20 09:46:42,2017-09-20 09:47:50,1,0,6,N,145,264,2,2.5,0,0.5,0,0,0.3,3.3
,1,2017-09-24 10:13:35,2017-09-24 10:14:32,1,0,6,N,186,186,2,2.5,0,0.5,0,0,0.3,3.3
,1,2017-07-21 13:30:07,2017-07-21 13:30:18,1,0.1,6,N,1,1,2,2.5,0,0.5,0,0,0.3,3.3
,1,2017-07-27 08:39:50,2017-07-27 08:39:56,1,0,6,N,138,138,2,2.5,0,0.5,0,0,0.3,3.3
,1,2017-07-27 23:50:01,2017-07-28 00:00:46,1,4.6,6,N,132,218,2,2.5,0,0.5,0,0,0.3,3.3
,1,2017-07-30 08:53:27,2017-07-30 09:06:40,1,7.7,6,N,138,75,2,2.5,0,0.5,0,5.76,0.3,9.06
,2,2017-12-26 17:03:00,2017-12-26 17:03:09,3,0,6,N,264,264,2,5.5,0.3,0.5,0,0,0,6.3
,1,2017-12-24 01:56:57,2017-12-24 02:05:41,1,3.3,6,N,170,226,2,2.5,0,0.5,0,0,0.3,3.3
,2,2017-12-26 17:05:12,2017-12-26 17:05:16,3,0,6,N,264,264,2,3.5,0.3,0.5,0,0,0,4.3
,1,2017-12-02 14:15:54,2017-12-02 14:15:57,1,0,6,N,132,132,2,2.5,0,0.5,0,0,0.3,3.3
,1,2017-12-02 02:45:52,2017-12-02 02:45:58,1,0,6,N,265,265,2,2.5,0,0.5,0,0,0.3,3.3
,1,2017-12-25 14:40:54,2017-12-25 14:41:08,1,0,6,N,138,138,2,2.5,0,0.5,0,0,0.3,3.3
,1,2017-12-18 12:14:18,2017-12-18 12:24:46,1,1.7,6,N,166,42,1,2.5,0,0.5,9,0,0.3,12.3
,1,2017-07-24 11:35:53,2017-07-24 11:36:11,1,0,6,N,230,230,2,5.5,0,0.5,0,0,0.3,6.3
,1,2017-07-20 05:19:34,2017-07-20 05:19:37,1,0,6,N,170,170,2,4.5,0,0.5,0,0,0.3,5.3
,2,2017-07-01 02:33:32,2017-07-01 02:33:36,1,0,6,N,79,79,1,3.5,0,0.5,1.08,0,0.3,5.38
,2,2017-07-17 13:23:30,2017-07-17 13:37:59,1,1.69,6,N,261,114,2,2.5,0,0.5,0,0,0.3,3.3
,1,2017-07-18 15:52:33,2017-07-18 15:52:38,1,0,6,N,13,13,2,2.5,0,0.5,0,0,0.3,3.3
,1,2017-11-21 11:13:50,2017-11-21 11:13:57,1,0,6,N,236,236,2,2.5,0,0.5,0,0,0.3,3.3
,2,2017-09-13 13:17:27,2017-09-13 13:21:08,3,0,6,N,193,193,2,0,0,0,0,0,0,0
,1,2017-09-26 18:17:14,2017-09-26 18:17:22,1,0,6,N,229,229,2,5.5,0,0.5,0,0,0.3,6.3
,1,2017-09-23 20:43:57,2017-09-23 20:44:16,2,0,6,N,229,229,2,2.5,0,0.5,0,0,0.3,3.3
,1,2017-09-15 21:00:33,2017-09-15 21:00:50,1,0,6,N,140,140,2,2.5,0,0.5,0,0,0.3,3.3
,1,2017-09-30 18:13:03,2017-09-30 18:13:06,1,0,6,N,265,265,2,2.5,0,0.5,0,0,0.3,3.3
,2,2017-10-12 09:41:49,2017-10-12 10:02:01,1,6.77,6,N,262,88,2,5.5,0,0.5,0,0,0.3,6.3
,1,2017-05-15 12:13:41,2017-05-15 12:14:04,1,10.9,6,N,265,265,2,2.5,0,0.5,0,0,0.3,3.3
,2,2017-08-26 01:30:03,2017-08-26 01:34:03,1,0,6,N,265,265,1,3.5,0,0.5,0,10.5,0.3,14.8
,2,2017-08-24 22:28:11,2017-08-24 22:44:40,1,2.35,6,N,158,170,2,2.5,0,0.5,0,0,0.3,3.3
,1,2017-08-22 19:52:32,2017-08-22 19:52:32,1,0,6,N,138,264,2,2.5,0,0.5,0,0,0.3,3.3
,1,2017-08-20 00:43:46,2017-08-20 00:43:49,1,0,6,N,132,132,2,2.5,0,0.5,0,0,0.3,3.3
,1,2017-10-13 16:39:38,2017-10-13 16:39:57,1,0,6,N,198,198,2,0,0,0.5,0,0,0.3,0.8
,1,2017-10-06 01:39:06,2017-10-06 01:40:06,2,0.1,6,N,164,100,2,2.5,0,0.5,0,0,0.3,3.3
,1,2017-10-19 17:22:25,2017-10-19 17:22:31,1,0,6,N,145,145,2,2.5,0,0.5,0,0,0.3,3.3
,1,2017-10-22 21:02:54,2017-10-22 21:03:18,1,0.1,6,N,132,132,2,2.5,0,0.5,0,0,0.3,3.3
,1,2017-09-29 19:08:39,2017-09-29 19:08:46,1,0,6,N,13,13,2,2.5,0,0.5,0,0,0.3,3.3
,1,2017-09-30 13:47:53,2017-09-30 13:48:07,1,0,6,N,236,236,1,2.5,0,0.5,26,0,0.3,29.3
,1,2017-10-22 19:12:06,2017-10-22 19:12:12,1,0,6,N,246,246,2,2.5,0,0.5,0,0,0.3,3.3
,1,2017-05-24 21:09:44,2017-05-24 21:09:48,1,3.7,6,N,132,132,2,3.5,0,0.5,0,0,0.3,4.3
,1,2017-05-05 16:11:22,2017-05-05 16:11:29,3,0,6,N,132,132,2,3.5,0,0.5,0,0,0.3,4.3
,1,2017-02-28 18:48:20,2017-02-28 18:48:20,1,0,6,Y,113,264,2,32.76,0,0.5,0,0,0.3,33.56
,1,2017-02-07 08:05:42,2017-02-07 08:05:56,1,0,6,N,138,138,2,2.5,0,0.5,0,0,0.3,3.3
,1,2017-02-02 12:27:48,2017-02-02 12:27:58,1,0,6,N,1,1,2,2.5,0,0.5,0,0,0.3,3.3
,1,2017-02-06 14:21:01,2017-02-06 14:21:05,1,0,6,N,1,1,2,2.5,0,0.5,0,0,0.3,3.3
,1,2017-02-27 17:53:26,2017-02-27 18:08:46,1,0.8,6,N,164,107,1,2.5,0,0.5,0.65,0,0.3,3.95
,2,2017-10-15 11:56:09,2017-10-15 11:59:34,1,0.59,6,N,43,239,2,5.5,0,0.5,0,0,0.3,6.3
,2,2017-05-15 10:58:02,2017-05-15 10:58:07,1,0.01,6,N,264,48,2,3.5,0,0.5,0,0,0.3,4.3
,1,2017-05-21 02:48:22,2017-05-21 02:48:30,1,0,6,N,265,265,2,2.5,0,0.5,0,0,0.3,3.3
,1,2017-04-20 13:25:16,2017-04-20 13:25:16,2,0,6,N,264,264,2,0,0,0,0,0,0,0
,1,2017-04-30 11:23:58,2017-04-30 11:24:16,1,0.3,6,N,145,226,2,3.5,0,0.5,0,0,0.3,4.3
,1,2017-04-02 14:23:27,2017-04-02 14:23:41,1,0,6,N,194,194,2,2.5,0,0.5,0,0,0.3,3.3
,1,2017-04-09 18:23:36,2017-04-09 18:23:40,1,0,6,N,138,138,2,2.5,0,0.5,0,0,0.3,3.3
,1,2017-04-20 13:32:25,2017-04-20 13:32:30,1,9.8,6,N,132,132,2,2.5,0,0.5,0,0,0.3,3.3
,1,2017-04-11 18:14:24,2017-04-11 18:14:41,1,0,6,N,229,229,2,2.5,0,0.5,0,0,0.3,3.3
,1,2017-04-14 18:49:57,2017-04-14 18:50:44,1,0,6,N,138,138,2,2.5,0,0.5,0,0,0.3,3.3
,1,2017-06-12 11:54:00,2017-06-12 11:54:00,1,0,6,Y,132,264,2,2.5,0,0.5,0,0,0.3,3.3
,1,2017-06-12 15:25:45,2017-06-12 15:25:48,1,0,6,N,68,68,1,2.5,0,0.5,18,0,0.3,21.3
,1,2017-04-27 15:24:24,2017-04-27 15:24:38,1,0,6,N,148,148,1,5.5,0,0.5,1.55,0,0.3,7.85
,1,2017-04-03 19:26:40,2017-04-03 19:26:51,1,0,6,N,233,233,2,2.5,0,0.5,0,0,0.3,3.3
,1,2017-04-19 12:47:49,2017-04-19 12:47:55,1,0,6,N,138,138,2,2.5,0,0.5,0,0,0.3,3.3
,2,2017-04-11 11:09:56,2017-04-11 11:10:07,1,0,6,N,264,264,2,2.5,0,0.5,0,0,0.3,3.3
,2,2017-08-11 19:03:39,2017-08-11 19:07:50,1,0,6,N,264,239,2,5.5,0,0.5,0,0,0.3,6.3
,1,2017-08-30 09:10:39,2017-08-30 09:10:48,1,0,6,N,168,168,2,2.5,0,0.5,0,0,0.3,3.3
,1,2017-08-08 08:13:42,2017-08-08 08:13:45,1,0,6,N,138,138,2,2.5,0,0.5,0,0,0.3,3.3
,1,2017-08-21 11:51:27,2017-08-21 11:51:31,1,0,6,N,87,87,1,2.5,0,0.5,16,0,0.3,19.3
,1,2017-08-23 09:36:17,2017-08-23 09:36:29,1,0,6,N,232,232,2,5.5,0,0.5,0,0,0.3,6.3
,2,2017-08-21 15:49:16,2017-08-21 15:49:21,1,0,6,N,138,138,2,3.5,0,0.5,0,0,0.3,4.3
,1,2017-08-25 18:47:14,2017-08-25 18:48:19,1,0,6,N,70,70,2,2.5,0,0.5,0,0,0.3,3.3
,1,2017-08-17 10:55:42,2017-08-17 10:56:29,1,0,6,N,48,48,2,2.5,0,0.5,0,0,0.3,3.3
,1,2017-08-25 18:45:12,2017-08-25 18:45:12,1,0,6,N,70,264,2,2.5,0,0.5,0,0,0.3,3.3
,1,2017-08-01 09:27:59,2017-08-01 09:32:45,1,0,6,N,43,236,1,5.5,0,0.5,63.7,0,0.3,70
,1,2017-08-07 19:27:51,2017-08-07 19:28:19,1,1.8,6,N,239,239,1,2.5,0,0.5,10.2,0,0.3,13.5
,2,2017-10-08 07:51:01,2017-10-08 07:51:09,1,0,6,N,236,236,2,3.5,0,0.5,0,0,0.3,4.3
,1,2017-10-01 19:19:14,2017-10-01 19:19:27,1,0,6,N,1,1,2,2.5,0,0.5,0,0,0.3,3.3
,1,2017-10-07 04:37:59,2017-10-07 04:38:35,1,0,6,N,50,50,1,2.5,0,0.5,20,0,0.3,23.3
,1,2017-12-10 21:25:42,2017-12-10 21:25:47,1,0,6,N,265,265,2,3.5,0,0.5,0,0,0.3,4.3
,1,2017-12-09 01:31:02,2017-12-09 01:32:01,1,0.1,6,N,114,114,2,3.5,0,0.5,0,0,0.3,4.3
,2,2017-12-21 13:02:11,2017-12-21 13:03:12,1,0,6,N,239,239,2,2.5,0,0.5,0,0,0.3,3.3
,1,2017-12-06 21:52:43,2017-12-06 21:52:43,1,0,6,N,132,264,2,2.5,0,0.5,0,0,0.3,3.3
,2,2017-09-14 10:31:38,2017-09-14 10:33:14,3,0,6,N,207,207,2,0,0,0,0,0,0,0
,2,2017-09-09 23:09:44,2017-09-09 23:10:27,1,0,6,N,232,232,1,3.5,0,0.5,20.08,0,0.3,24.38
,1,2017-09-15 17:38:38,2017-09-15 17:38:42,1,0,6,N,145,145,2,2.5,0,0.5,0,0,0.3,3.3
,1,2017-09-18 16:42:22,2017-09-18 16:42:39,1,0,6,N,138,138,2,2.5,0,0.5,0,0,0.3,3.3
,1,2017-09-21 21:20:16,2017-09-21 21:24:32,2,2.6,6,N,264,264,2,2.5,0,0.5,0,0,0.3,3.3
,2,2017-05-02 13:54:05,2017-05-02 13:54:15,1,0,6,N,193,193,2,45,0.8,0.5,0,0,0.3,46.6
,1,2017-05-16 03:53:47,2017-05-16 03:53:50,1,0,6,N,161,161,2,3.5,0,0.5,0,0,0.3,4.3
,1,2017-05-20 16:03:47,2017-05-20 16:03:52,1,1.1,6,N,161,161,2,3.5,0,0.5,0,0,0.3,4.3
,1,2017-05-24 18:35:20,2017-05-24 18:41:09,1,3.8,6,N,264,264,2,2.5,0,0.5,0,0,0.3,3.3
,1,2017-05-12 07:00:47,2017-05-12 07:00:53,1,12,6,N,49,49,2,2.5,0,0.5,0,0,0.3,3.3
,1,2017-05-12 15:18:19,2017-05-12 15:18:41,1,0,6,N,158,125,2,2.5,0,0.5,0,0,0.3,3.3
,1,2017-05-22 15:25:18,2017-05-22 15:25:32,1,0,6,N,168,168,2,2.5,0,0.5,0,0,0.3,3.3
,2,2017-06-07 11:24:56,2017-06-07 11:26:07,6,0,6,N,207,207,2,65,0.3,0.5,0,0,0,65.8
,1,2017-06-03 10:35:26,2017-06-03 10:38:01,1,0.1,6,N,75,75,2,2.5,0,0.5,0,0,0.3,3.3
,1,2017-06-09 18:11:49,2017-06-09 18:12:02,2,0,6,N,158,158,2,2.5,0,0.5,0,0,0.3,3.3
,1,2017-06-11 17:16:39,2017-06-11 17:16:52,1,0,6,N,232,232,2,2.5,0,0.5,0,0,0.3,3.3
,1,2017-06-11 15:35:15,2017-06-11 15:44:14,3,1.3,6,N,234,246,1,2.5,0,0.5,0.95,0,0.3,4.25
,2,2017-06-07 12:50:08,2017-06-07 12:50:23,6,0,6,N,207,207,2,900,0.3,0.5,0,0,0,900.8
,2,2017-09-14 11:28:18,2017-09-14 11:28:29,3,0,6,N,207,207,2,0,0,0,0,0,0,0
,1,2017-09-07 20:34:29,2017-09-07 20:34:52,1,0,6,N,138,138,2,5.5,0,0.5,0,0,0.3,6.3
,2,2017-09-13 11:54:51,2017-09-13 11:56:30,2,0,6,N,193,193,2,5.5,0.3,0.5,0,0,0,6.3
,1,2017-09-28 00:54:37,2017-09-28 00:54:43,1,0,6,N,158,158,2,2.5,0,0.5,0,0,0.3,3.3
,1,2017-09-28 13:20:40,2017-09-28 13:20:51,1,0,6,N,33,33,2,2.5,0,0.5,0,0,0.3,3.3
,1,2017-09-14 22:49:01,2017-09-14 22:49:06,1,0,6,N,138,138,2,2.5,0,0.5,0,0,0.3,3.3
,1,2017-04-05 00:36:19,2017-04-05 00:36:19,1,0,6,N,113,264,2,2.5,0,0.5,0,0,0.3,3.3
,1,2017-04-27 16:53:12,2017-04-27 16:53:19,1,0.2,6,N,231,231,2,2.5,0,0.5,0,0,0.3,3.3
,1,2017-07-21 07:37:17,2017-07-21 07:37:20,1,0,6,N,215,215,2,2.5,0,0.5,0,0,0.3,3.3
,1,2017-07-13 08:27:17,2017-07-13 08:34:15,1,0.6,6,N,125,231,2,2.5,0,0.5,0,0,0.3,3.3
,1,2017-05-17 10:47:43,2017-05-17 10:47:48,1,0,6,N,132,132,2,2.59,0,0.5,0,0,0.3,3.39
,1,2017-11-11 17:53:42,2017-11-11 17:54:05,1,2.5,6,N,141,141,2,5.5,0,0.5,0,0,0.3,6.3
,1,2017-11-05 21:44:20,2017-11-05 21:46:33,1,0,6,N,41,41,1,3.5,0,0.5,49,5.76,0.3,59.06
,1,2017-11-04 19:09:32,2017-11-04 19:09:40,1,0,6,N,231,231,1,3.5,0,0.5,7,0,0.3,11.3
,2,2017-11-12 23:26:47,2017-11-12 23:27:45,1,0,6,N,132,132,2,3.5,0,0.5,0,0,0.3,4.3
,1,2017-11-03 15:42:51,2017-11-03 15:53:10,1,1.4,6,N,164,113,1,2.5,0,0.5,4,0,0.3,7.3
,1,2017-04-28 07:28:36,2017-04-28 07:29:07,1,0.1,6,N,138,138,2,2.5,0,0.5,0,0,0.3,3.3
,1,2017-05-16 20:46:19,2017-05-16 20:46:23,1,0,6,N,158,158,2,5.5,0,0.5,0,0,0.3,6.3
,1,2017-05-07 16:25:19,2017-05-07 16:25:28,1,0,6,N,79,79,2,2.5,0,0.5,0,0,0.3,3.3
,1,2017-06-27 06:15:59,2017-06-27 06:16:52,1,0.3,6,N,223,223,2,5.5,0,0.5,0,0,0.3,6.3
,1,2017-06-20 15:32:31,2017-06-20 15:32:41,1,0,6,N,237,237,2,2.5,0,0.5,0,0,0.3,3.3
,1,2017-11-13 21:34:00,2017-11-13 21:34:03,1,0,6,N,226,226,2,5.5,0,0.5,0,0,0.3,6.3
,1,2017-11-01 05:42:43,2017-11-01 05:42:56,1,1.1,6,N,141,141,2,3.5,0,0.5,0,0,0.3,4.3
,1,2017-11-10 13:56:02,2017-11-10 13:58:21,2,0.1,6,N,237,237,2,2.5,0,0.5,0,0,0.3,3.3
,1,2017-11-17 23:04:57,2017-11-17 23:05:29,1,8.4,6,N,186,186,2,2.5,0,0.5,0,0,0.3,3.3
,2,2017-11-17 12:42:04,2017-11-17 12:42:18,1,0,6,N,265,265,2,2.5,0,0.5,0,0,0.3,3.3
,2,2017-05-03 14:43:47,2017-05-03 14:43:59,1,0,6,N,193,193,2,0,0,0,0,0,0,0
,1,2017-05-24 07:01:14,2017-05-24 07:05:24,2,1,6,N,132,132,2,2.5,0,0.5,0,0,0.3,3.3
,1,2017-07-21 05:16:57,2017-07-21 05:19:44,1,0.6,6,N,137,234,2,2.5,0,0.5,0,0,0.3,3.3
,1,2017-07-05 17:28:51,2017-07-05 17:29:06,1,0,6,N,265,265,2,2.5,0,0.5,0,0,0.3,3.3
,1,2017-07-31 00:31:46,2017-07-31 00:31:53,1,0,6,N,265,265,2,2.5,0,0.5,0,0,0.3,3.3
,1,2017-07-01 03:00:45,2017-07-01 04:09:21,1,44.9,6,N,100,265,2,2.5,0,0.5,0,0,0.3,3.3
,1,2017-07-01 15:28:49,2017-07-01 15:29:01,1,0,6,N,232,232,1,2.5,0,0.5,8.5,0,0.3,11.8
,1,2017-12-07 02:36:01,2017-12-07 02:36:12,1,0,6,N,48,48,2,2.5,0,0.5,0,0,0.3,3.3
,1,2017-12-17 13:44:55,2017-12-17 13:45:04,1,0,6,N,41,41,2,2.5,0,0.5,0,0,0.3,3.3
,1,2017-07-21 11:48:51,2017-07-21 11:51:15,1,1.3,6,N,132,132,2,2.5,0,0.5,0,0,0.3,3.3
,1,2017-07-11 13:17:34,2017-07-11 13:17:42,1,0,6,N,230,230,2,2.5,0,0.5,0,0,0.3,3.3
,1,2017-07-11 11:45:08,2017-07-11 11:56:53,1,2.5,6,N,146,112,2,2.5,0,0.5,0,0,0.3,3.3
,2,2017-10-18 09:19:01,2017-10-18 09:19:09,1,0,6,N,169,169,2,5.5,0,0.5,0,0,0.3,6.3
,2,2017-10-22 22:49:40,2017-10-22 22:49:45,1,0,6,N,264,235,2,3.5,0,0.5,0,0,0.3,4.3
,1,2017-10-11 08:35:14,2017-10-11 08:35:35,1,15.9,6,N,265,265,2,2.5,0,0.5,0,0,0.3,3.3
,1,2017-10-01 13:14:23,2017-10-01 13:14:28,1,0,6,N,264,264,2,2.5,0,0.5,0,0,0.3,3.3
,1,2017-10-26 19:53:17,2017-10-26 19:53:17,1,0,6,N,148,264,2,2.5,0,0.5,0,0,0.3,3.3
,1,2017-10-20 23:17:20,2017-10-20 23:17:26,1,0,6,N,132,132,2,2.5,0,0.5,0,0,0.3,3.3
,1,2017-10-24 12:22:37,2017-10-24 12:22:47,1,0,6,N,158,158,2,2.5,0,0.5,0,0,0.3,3.3
,2,2017-12-26 17:02:12,2017-12-26 17:02:22,4,0,6,N,264,264,2,2.5,0.3,0.5,0,0,0,3.3
,1,2017-12-25 15:07:29,2017-12-25 15:18:58,1,2.6,6,N,230,140,2,2.5,0,0.5,0,0,0.3,3.3
,1,2017-12-18 21:53:35,2017-12-18 21:53:42,1,0,6,N,161,161,2,2.5,0,0.5,0,0,0.3,3.3
,2,2017-12-27 16:04:00,2017-12-27 16:04:23,6,0,6,N,264,264,2,2.5,0.3,0.5,0,0,0,3.3
,2,2017-12-27 16:03:24,2017-12-27 16:03:32,3,0,6,N,264,264,2,2.5,0.3,0.5,0,0,0,3.3
,1,2017-10-07 08:57:59,2017-10-07 08:58:19,1,0,6,N,163,163,2,4.5,0,0.5,0,0,0.3,5.3
,2,2017-10-06 11:06:42,2017-10-06 11:07:00,1,0,6,Y,264,264,1,2.5,0,0.5,0,0,0.3,3.3
,1,2017-10-14 15:46:59,2017-10-14 15:47:03,1,0,6,N,138,138,2,2.5,0,0.5,0,0,0.3,3.3
,1,2017-10-11 22:36:26,2017-10-11 22:59:50,1,12,6,N,132,129,2,3.5,0,0.5,0,0,0.3,4.3
,1,2017-10-05 14:53:36,2017-10-05 14:53:38,1,0,6,N,265,265,2,2.5,0,0.5,0,0,0.3,3.3
,1,2017-10-12 17:15:09,2017-10-12 17:24:18,1,1.2,6,N,90,125,2,2.5,0,0.5,0,0,0.3,3.3
,1,2017-06-12 16:53:32,2017-06-12 16:53:34,1,1.1,6,N,48,48,2,2.5,0,0.5,0,0,0.3,3.3
,1,2017-06-19 20:45:04,2017-06-19 20:45:06,1,0,6,N,211,211,2,2.5,0,0.5,0,0,0.3,3.3
,1,2017-06-13 20:48:42,2017-06-13 20:53:34,2,3.2,6,N,138,194,2,2.5,0,0.5,0,0,0.3,3.3
,1,2017-06-22 16:45:24,2017-06-22 17:01:55,1,2.5,6,N,48,68,2,2.5,0,0.5,0,0,0.3,3.3
,2,2017-09-14 10:36:09,2017-09-14 10:36:13,3,0,6,N,207,207,2,0,0,0,0,0,0,0
,2,2017-09-14 10:34:01,2017-09-14 10:34:57,4,0,6,N,207,207,2,0,0,0,0,0,0,0
,2,2017-09-29 14:49:42,2017-09-29 14:49:46,1,0,6,N,239,239,1,5.5,0,0.5,1.26,0,0.3,7.56
,1,2017-09-22 08:25:06,2017-09-22 08:25:10,1,0,6,N,242,242,2,2.5,0,0.5,0,0,0.3,3.3
,1,2017-09-15 12:40:02,2017-09-15 12:40:05,1,0,6,N,164,186,2,2.5,0,0.5,0,0,0.3,3.3
,1,2017-09-17 11:25:21,2017-09-17 11:25:49,1,0,6,N,236,236,2,655.35,0,0.5,0,0,0.3,656.15
,2,2017-05-02 16:08:22,2017-05-02 16:08:28,1,0,6,N,193,193,2,35,0.8,0,0,0,0,35.8
,1,2017-05-22 08:43:22,2017-05-22 08:43:28,1,0,6,N,233,233,2,3.5,0,0.5,0,0,0.3,4.3
,1,2017-05-14 07:18:54,2017-05-14 07:19:36,1,3.2,6,N,230,230,2,2.5,0,0.5,0,0,0.3,3.3
,1,2017-05-14 12:24:36,2017-05-14 12:24:38,1,9.1,6,N,141,141,2,2.5,0,0.5,0,0,0.3,3.3
,1,2017-05-16 09:42:19,2017-05-16 09:44:43,1,0.4,6,N,24,151,1,2.5,0,0.5,0.65,0,0.3,3.95
,1,2017-11-12 12:02:07,2017-11-12 12:05:39,1,0.4,6,N,48,68,2,2.5,0,0.5,0,0,0.3,3.3
,1,2017-11-12 11:34:14,2017-11-12 11:34:28,1,0,6,N,145,145,2,2.5,0,0.5,0,0,0.3,3.3
,1,2017-11-17 00:41:36,2017-11-17 00:41:50,1,0,6,N,144,144,2,2.5,0,0.5,0,0,0.3,3.3
,1,2017-11-22 21:05:19,2017-11-22 21:05:19,1,0,6,Y,264,264,2,2.5,0,0.5,0,0,0.3,3.3
,1,2017-07-01 07:06:46,2017-07-01 07:06:56,1,0,6,N,179,179,1,3.5,0,0.5,20.7,0,0.3,25
,1,2017-07-31 09:59:20,2017-07-31 09:59:32,2,0,6,N,193,193,2,3.5,0,0.5,0,0,0.3,4.3
,1,2017-07-14 18:54:47,2017-07-14 18:54:55,1,0,6,N,132,132,2,3.5,0,0.5,0,0,0.3,4.3
,1,2017-07-18 22:43:28,2017-07-18 22:43:33,1,0,6,N,68,68,1,2.5,0,0.5,7.5,0,0.3,10.8
,1,2017-05-10 14:03:39,2017-05-10 14:04:39,1,0.4,6,N,125,158,1,2.5,0,0.5,0.65,0,0.3,3.95
,2,2017-09-17 02:38:16,2017-09-17 02:38:55,1,0,6,N,231,231,2,5.5,0,0.5,0,0,0.3,6.3
,2,2017-09-05 17:28:34,2017-09-05 17:30:15,1,0,6,N,162,162,2,5.5,0,0.5,0,0,0.3,6.3
,2,2017-09-30 17:09:08,2017-09-30 17:09:25,1,0,6,N,212,212,2,5.5,0,0.5,0,0,0.3,6.3
,1,2017-09-24 02:24:13,2017-09-24 02:31:14,1,1,6,N,158,125,2,2.5,0,0.5,0,0,0.3,3.3
,1,2017-11-03 00:38:43,2017-11-03 00:38:43,1,0,6,N,265,264,2,2.5,0,0.5,0,0,0.3,3.3
,1,2017-11-03 22:58:30,2017-11-03 22:58:30,1,0,6,N,87,264,2,2.5,0,0.5,0,0,0.3,3.3
,1,2017-11-04 01:16:04,2017-11-04 01:16:43,1,5,6,N,145,145,1,2.5,0,0.5,20,0,0.3,23.3
,1,2017-07-21 14:10:34,2017-07-21 14:10:34,1,0,6,N,234,264,2,3.5,0,0.5,0,0,0.3,4.3
,1,2017-07-23 22:04:49,2017-07-23 22:04:52,1,0,6,N,145,145,2,2.5,0,0.5,0,0,0.3,3.3
,1,2017-07-21 14:11:03,2017-07-21 14:11:12,1,0,6,N,114,114,2,2.5,0,0.5,0,0,0.3,3.3
,2,2017-12-26 17:04:45,2017-12-26 17:04:52,3,0,6,N,264,264,2,5.5,0.3,0.5,0,0,0,6.3
,1,2017-05-20 06:23:36,2017-05-20 06:23:41,1,0,6,N,74,74,2,5.5,0,0.5,0,0,0.3,6.3
,2,2017-05-31 06:18:04,2017-05-31 06:18:29,1,0.2,6,N,265,265,2,5.5,0,0.5,0,0,0.3,6.3
,1,2017-05-14 10:35:49,2017-05-14 10:37:50,1,0.1,6,Y,132,132,2,3.5,0,0.5,0,0,0.3,4.3
,1,2017-05-24 09:52:10,2017-05-24 09:52:15,1,1.2,6,N,163,163,2,2.5,0,0.5,0,0,0.3,3.3
,1,2017-05-05 18:18:17,2017-05-05 18:19:21,2,3,6,N,151,151,2,2.5,0,0.5,0,0,0.3,3.3
,1,2017-10-30 18:20:34,2017-10-30 18:20:53,2,0,6,N,132,132,2,2.5,0,0.5,0,0,0.3,3.3
,1,2017-10-27 00:26:36,2017-10-27 00:26:36,1,0,6,N,143,264,2,2.5,0,0.5,0,0,0.3,3.3
,2,2017-10-17 10:16:48,2017-10-17 10:17:37,1,0.1,6,N,261,13,2,2.5,0,0.5,0,0,0.3,3.3
,1,2017-10-30 16:47:23,2017-10-30 16:48:54,1,0,6,N,43,236,2,2.5,0,0.5,0,0,0.3,3.3
,1,2017-10-11 22:41:34,2017-10-11 22:41:46,1,0,6,N,132,132,2,2.5,0,0.5,0,0,0.3,3.3
,1,2017-10-04 08:50:15,2017-10-04 08:50:50,1,0,6,N,100,100,1,2.5,0,0.5,2.25,5.76,0.3,11.31
,1,2017-11-30 11:48:19,2017-11-30 11:48:24,1,0,6,N,164,164,2,2.5,0,0.5,0,0,0.3,3.3
,1,2017-11-14 13:12:35,2017-11-14 13:12:42,1,0,6,N,223,223,2,5.5,0,0.5,0,0,0.3,6.3
,1,2017-11-20 07:29:01,2017-11-20 07:29:43,1,0,6,N,138,138,2,3.5,0,0.5,0,0,0.3,4.3
,1,2017-11-22 10:43:52,2017-11-22 10:45:39,1,0,6,N,234,234,2,2.5,0,0.5,0,0,0.3,3.3
,1,2017-11-26 14:03:07,2017-11-26 14:03:17,1,0,6,N,264,264,1,2.5,0,0.5,5,0,0.3,8.3
,1,2017-04-29 11:53:08,2017-04-29 11:53:22,1,2.3,6,N,265,265,1,4.5,0,0.5,34.7,0,0.3,40
,1,2017-04-20 00:05:33,2017-04-20 00:05:36,1,1.6,6,N,233,233,2,2.5,0,0.5,0,0,0.3,3.3
,1,2017-04-29 06:54:48,2017-04-29 06:54:52,1,0,6,N,164,164,2,2.5,0,0.5,0,0,0.3,3.3
,2,2017-04-27 16:52:37,2017-04-27 16:55:11,2,0.53,6,N,170,170,2,2.5,0,0.5,0,0,0.3,3.3
,1,2017-06-12 16:02:26,2017-06-12 16:02:28,1,0,6,N,237,237,2,3.5,0,0.5,0,0,0.3,4.3
,1,2017-06-02 00:38:15,2017-06-02 00:38:23,1,0,6,N,265,265,1,2.5,0,0.5,70,0,0.3,73.3
,1,2017-06-23 19:59:45,2017-06-23 19:59:50,1,0,6,N,138,138,2,2.5,0,0.5,0,0,0.3,3.3
,2,2017-12-26 17:03:43,2017-12-26 17:03:57,2,0,6,N,264,264,2,5.5,0.3,0.5,0,0,0,6.3
,1,2017-12-23 11:34:47,2017-12-23 11:35:08,1,7.1,6,N,80,80,2,3.5,0,0.5,0,0,0.3,4.3
,1,2017-12-31 11:15:57,2017-12-31 11:16:08,1,0,6,N,226,226,2,2.5,0,0.5,0,0,0.3,3.3
,1,2017-12-14 22:14:33,2017-12-14 22:14:46,1,0,6,N,259,259,1,2.5,0,0.5,36.7,0,0.3,40
,1,2017-04-12 19:37:28,2017-04-12 19:39:57,2,0.3,6,N,264,264,2,3.5,0,0.5,0,0,0.3,4.3
,1,2017-04-29 13:28:42,2017-04-29 13:28:52,1,0,6,N,132,132,2,3.5,0,0.5,0,0,0.3,4.3
,1,2017-04-09 21:55:53,2017-04-09 21:56:03,1,0,6,N,132,132,2,2.5,0,0.5,0,0,0.3,3.3
,1,2017-04-19 12:11:10,2017-04-19 12:11:13,1,0,6,N,45,45,2,2.5,0,0.5,0,0,0.3,3.3
,1,2017-04-07 06:08:13,2017-04-07 06:09:34,1,0.2,6,N,42,42,1,2.5,0,0.5,0,0,0.3,3.3
,1,2017-04-07 20:56:10,2017-04-07 20:56:10,1,0,6,N,246,264,2,6445.9,0,0.5,0,0,0.3,6446.7
,1,2017-11-18 15:42:31,2017-11-18 15:43:04,1,14.2,6,N,1,1,2,4.5,0,0.5,0,0,0.3,5.3
,1,2017-11-06 04:39:23,2017-11-06 04:42:13,2,0.5,6,N,140,262,2,2.5,0,0.5,0,0,0.3,3.3
,2,2017-09-14 12:00:55,2017-09-14 12:01:43,1,0,6,N,207,207,2,0,0,0,0,0,0,0
,2,2017-09-13 13:16:04,2017-09-13 13:16:52,4,0,6,N,193,193,2,0,0,0,0,0,0,0
,1,2017-09-15 16:40:21,2017-09-15 16:40:58,1,0,6,N,233,233,1,5.5,0,0.5,1.25,0,0.3,7.55
,1,2017-09-05 13:11:46,2017-09-05 13:11:49,1,0,6,N,138,138,2,3.5,0,0.5,0,0,0.3,4.3
,1,2017-09-25 21:19:38,2017-09-25 21:32:16,3,2.7,6,N,231,186,2,2.5,0,0.5,0,0,0.3,3.3
,1,2017-09-25 07:45:00,2017-09-25 07:45:03,1,0,6,N,231,231,2,2.5,0,0.5,0,0,0.3,3.3
,1,2017-09-01 06:34:12,2017-09-01 06:42:59,1,2.1,6,N,238,48,2,2.5,0,0.5,0,0,0.3,3.3
,1,2017-06-27 02:08:42,2017-06-27 02:08:56,1,0,6,N,100,100,2,5.5,0,0.5,0,0,0.3,6.3
,1,2017-06-10 09:33:10,2017-06-10 09:33:13,1,0,6,N,138,138,2,2.5,0,0.5,0,0,0.3,3.3
,1,2017-06-30 12:40:08,2017-06-30 12:41:05,1,0.1,6,N,186,186,2,2.5,0,0.5,0,0,0.3,3.3
,1,2017-08-19 12:29:40,2017-08-19 12:29:46,1,0,6,N,141,141,2,2.5,0,0.5,0,0,0.3,3.3
,1,2017-09-11 08:12:48,2017-09-11 08:12:52,1,0,6,N,151,151,2,3.5,0,0.5,0,0,0.3,4.3
,1,2017-09-14 13:59:55,2017-09-14 13:59:59,1,0,6,N,158,158,2,2.5,0,0.5,0,0,0.3,3.3
,1,2017-09-20 20:11:13,2017-09-20 20:47:03,1,12.6,6,N,138,234,1,2.5,0,0.5,35,5.76,0.3,44.06
,2,2017-12-09 00:20:33,2017-12-09 00:34:49,1,1.73,6,N,90,79,2,5.5,0,0.5,0,0,0.3,6.3
,2,2017-12-28 12:32:50,2017-12-28 12:32:54,3,0,6,N,264,264,2,3.5,0.3,0.5,0,0,0,4.3
,1,2017-12-04 11:31:32,2017-12-04 11:31:45,1,0,6,N,265,265,2,2.5,0,0.5,0,0,0.3,3.3
,1,2017-07-16 13:27:00,2017-07-16 13:31:05,1,1.4,6,N,262,140,2,2.5,0,0.5,0,0,0.3,3.3
,1,2017-07-08 05:36:17,2017-07-08 05:36:22,1,0,6,N,186,186,2,2.5,0,0.5,0,0,0.3,3.3
,1,2017-07-03 16:42:27,2017-07-03 16:42:31,1,0,6,N,132,132,2,2.5,0,0.5,0,0,0.3,3.3
,2,2017-09-13 16:44:40,2017-09-13 16:45:59,4,0,6,N,193,193,2,5.5,0.3,0.5,0,0,0,6.3
,1,2017-09-23 02:03:40,2017-09-23 02:03:57,1,0,6,N,144,144,2,2.5,0,0.5,0,0,0.3,3.3
,1,2017-09-24 10:17:10,2017-09-24 10:24:42,1,0,6,N,186,186,2,2.5,0,0.5,0,0,0.3,3.3
,1,2017-05-21 15:59:55,2017-05-21 15:59:59,1,0,6,N,138,138,2,2.5,0,0.5,0,0,0.3,3.3
,1,2017-05-31 10:24:03,2017-05-31 10:29:05,1,0.8,6,N,170,137,1,2.5,0,0.5,0.95,0,0.3,4.25
,1,2017-06-01 01:44:21,2017-06-01 01:59:52,1,7.6,6,N,48,243,2,2.5,0,0.5,0,0,0.3,3.3
,1,2017-06-26 14:06:08,2017-06-26 14:06:41,2,0,6,N,1,1,1,101.11,0,0.5,0.09,0,0.3,102
,2,2017-09-05 17:27:27,2017-09-05 17:27:58,1,0,6,N,162,162,2,5.5,0,0.5,0,0,0.3,6.3
,1,2017-09-08 05:35:18,2017-09-08 05:35:18,1,0,6,N,237,264,2,3.5,0,0.5,0,0,0.3,4.3
,1,2017-09-22 12:36:04,2017-09-22 12:40:37,2,0.9,6,N,246,246,2,2.5,0,0.5,0,0,0.3,3.3
,1,2017-09-30 21:02:10,2017-09-30 21:02:35,1,0.1,6,N,239,239,2,2.5,0,0.5,0,0,0.3,3.3
,1,2017-09-28 13:37:58,2017-09-28 13:38:12,1,0,6,N,87,87,2,2.5,0,0.5,0,0,0.3,3.3
,1,2017-09-14 18:41:33,2017-09-14 18:41:35,1,0,6,N,132,132,2,2.5,0,0.5,0,0,0.3,3.3
,1,2017-09-08 16:20:44,2017-09-08 16:20:44,1,0,6,N,113,264,2,2.5,0,0.5,0,0,0.3,3.3
,2,2017-06-07 09:39:24,2017-06-07 09:39:32,1,0,6,N,193,193,2,20,0.3,0.5,0,0,0,20.8
,1,2017-09-08 06:32:29,2017-09-08 06:32:36,1,0,6,N,231,231,2,5.5,0,0.5,0,0,0.3,6.3
,1,2017-09-11 22:43:18,2017-09-11 22:43:32,1,0.1,6,N,132,132,2,4.5,0,0.5,0,0,0.3,5.3
,1,2017-09-07 19:56:23,2017-09-07 19:56:41,1,10.6,6,N,132,132,2,4.5,0,0.5,0,0,0.3,5.3
,1,2017-09-24 17:25:22,2017-09-24 17:25:38,1,0,6,Y,132,132,2,2.5,0,0.5,0,0,0.3,3.3
,1,2017-09-19 15:52:13,2017-09-19 15:52:55,1,0,6,N,132,132,2,2.5,0,0.5,0,0,0.3,3.3
,1,2017-09-15 20:55:24,2017-09-15 20:55:31,1,0,6,N,100,100,2,2.5,0,0.5,0,0,0.3,3.3
,1,2017-09-09 00:26:58,2017-09-09 00:27:14,2,0,6,N,100,100,2,2.5,0,0.5,0,0,0.3,3.3
,1,2017-08-31 22:38:43,2017-08-31 22:40:00,3,0,6,N,158,158,2,2.5,0,0.5,0,0,0.3,3.3
,1,2017-08-12 08:56:51,2017-08-12 08:57:03,1,0,6,Y,138,138,2,2.5,0,0.5,0,0,0.3,3.3
,1,2017-08-07 08:27:16,2017-08-07 08:27:16,1,0,6,N,141,264,2,2.5,0,0.5,0,0,0.3,3.3
,1,2017-08-19 10:19:43,2017-08-19 10:20:04,1,0,6,N,148,148,1,2.5,0,0.5,11.7,0,0.3,15
,1,2017-08-17 11:49:08,2017-08-17 11:49:34,1,1.7,6,N,45,45,2,2.5,0,0.5,0,0,0.3,3.3
,1,2017-08-02 09:22:06,2017-08-02 09:22:30,1,0,6,N,145,145,2,2.5,0,0.5,0,0,0.3,3.3
,2,2017-11-17 06:12:56,2017-11-17 06:13:10,1,0,6,N,264,264,1,5.5,0,0.5,15,0,0.3,21.3
,1,2017-11-26 16:08:13,2017-11-26 16:08:27,1,2.6,6,N,142,142,2,5.5,0,0.5,0,0,0.3,6.3
,1,2017-11-01 21:00:42,2017-11-01 21:00:51,1,16.8,6,N,132,132,2,2.5,0,0.5,0,0,0.3,3.3
,1,2017-11-05 03:49:12,2017-11-05 03:49:52,1,0,6,N,42,42,2,2.5,0,0.5,0,0,0.3,3.3
,1,2017-11-03 14:11:34,2017-11-03 14:11:36,1,0,6,N,142,142,2,2.5,0,0.5,0,0,0.3,3.3
,1,2017-11-09 08:44:02,2017-11-09 08:49:11,1,2.1,6,N,132,132,2,2.5,0,0.5,0,0,0.3,3.3
,1,2017-07-21 23:18:50,2017-07-21 23:31:47,2,0.6,6,N,186,164,2,2.5,0,0.5,0,0,0.3,3.3
,1,2017-07-18 18:24:55,2017-07-18 18:25:19,1,0.2,6,N,264,264,2,2.5,0,0.5,0,0,0.3,3.3
,1,2017-10-24 15:25:42,2017-10-24 15:25:48,1,0,6,N,236,236,1,5.5,0,0.5,7.5,0,0.3,13.8
,1,2017-10-01 14:05:33,2017-10-01 14:05:33,1,0,6,N,138,264,2,2.5,0,0.5,0,0,0.3,3.3
,1,2017-10-23 08:37:48,2017-10-23 08:37:55,0,0,6,N,74,74,2,2.5,0,0.5,0,0,0.3,3.3
,1,2017-08-01 16:05:24,2017-08-01 16:05:24,1,0,6,N,93,264,2,1.01,0,0.5,0,0,0.3,1.81
,1,2017-08-20 18:38:30,2017-08-20 18:38:30,1,0,6,N,68,264,2,5.5,0,0.5,0,0,0.3,6.3
,1,2017-08-09 19:21:08,2017-08-09 19:27:48,2,3.2,6,N,132,10,2,2.5,0,0.5,0,0,0.3,3.3
,1,2017-08-09 04:30:00,2017-08-09 04:30:09,1,0.1,6,N,48,48,2,2.5,0,0.5,0,0,0.3,3.3
,1,2017-10-18 01:13:09,2017-10-18 01:13:27,1,0,6,N,125,125,2,5.5,0,0.5,0,0,0.3,6.3
,1,2017-10-07 01:17:54,2017-10-07 01:17:58,1,0,6,N,68,68,2,2.5,0,0.5,0,0,0.3,3.3
,1,2017-10-10 23:06:45,2017-10-10 23:07:41,1,0,6,N,265,265,1,2.5,0,0.5,96.6,0,0.3,99.9
,1,2017-06-03 15:36:28,2017-06-03 15:41:59,1,0.3,6,N,148,114,2,5.5,0,0.5,0,0,0.3,6.3
,2,2017-06-06 11:44:12,2017-06-06 11:44:23,1,0,6,N,193,193,2,5,0.3,0.5,0,0,0,5.8
,1,2017-06-25 00:08:53,2017-06-25 00:08:59,1,0,6,N,100,100,2,2.5,0,0.5,0,0,0.3,3.3
,1,2017-06-24 15:50:40,2017-06-24 15:50:40,1,0,6,N,138,264,2,2.5,0,0.5,0,0,0.3,3.3
,1,2017-06-04 17:32:13,2017-06-04 17:32:25,1,0,6,N,231,231,1,2.5,0,0.5,60,0,0.3,63.3
,1,2017-07-07 13:58:31,2017-07-07 13:58:56,1,1,6,N,161,163,2,2.5,0,0.5,0,0,0.3,3.3
,1,2017-07-31 09:58:51,2017-07-31 09:59:01,1,0,6,N,193,193,2,2.5,0,0.5,0,0,0.3,3.3
,1,2017-07-31 10:41:31,2017-07-31 10:55:03,1,5.8,6,N,132,124,2,2.5,0,0.5,0,0,0.3,3.3
,2,2017-09-14 10:48:32,2017-09-14 10:50:53,1,0.39,6,N,260,260,2,0,0,0,0,0,0,0
,1,2017-05-02 06:47:07,2017-05-02 06:47:21,1,0,6,N,226,226,2,2.5,0,0.5,0,0,0.3,3.3
,1,2017-05-14 15:52:48,2017-05-14 15:53:04,1,0,6,N,90,90,2,2.5,0,0.5,0,0,0.3,3.3
,1,2017-12-09 07:49:44,2017-12-09 07:50:19,1,0,6,N,145,145,2,5.5,0,0.5,0,0,0.3,6.3
,1,2017-12-11 08:20:28,2017-12-11 08:20:41,1,0,6,N,247,247,2,2.5,0,0.5,0,0,0.3,3.3
,1,2017-12-09 12:46:10,2017-12-09 12:46:17,1,0,6,N,232,232,2,2.5,0,0.5,0,0,0.3,3.3
,1,2017-08-31 13:43:17,2017-08-31 13:43:26,1,0,6,N,132,132,2,5.5,0,0.5,0,0,0.3,6.3
,2,2017-08-24 08:14:33,2017-08-24 08:14:42,1,0,6,N,236,236,2,3.5,0,0.5,0,0,0.3,4.3
,1,2017-08-14 00:52:19,2017-08-14 00:52:23,1,0,6,N,79,79,2,2.5,0,0.5,0,0,0.3,3.3
,2,2017-12-27 16:04:51,2017-12-27 16:05:03,6,0,6,N,264,264,2,2.5,0.3,0.5,0,0,0,3.3
,1,2017-12-17 16:12:16,2017-12-17 16:12:20,1,0,6,N,125,125,2,2.5,0,0.5,0,0,0.3,3.3
,1,2017-12-21 11:29:55,2017-12-21 11:32:34,1,0,6,N,264,264,2,2.5,0,0.5,0,0,0.3,3.3
,1,2017-12-01 08:14:49,2017-12-01 08:52:56,1,11.8,6,N,138,79,1,2.5,0,0.5,30,11.52,0.3,44.82
,1,2017-12-07 23:34:43,2017-12-07 23:43:46,1,1.9,6,N,229,48,1,2.5,0,0.5,5,0,0.3,8.3
,2,2017-12-30 00:21:04,2017-12-31 00:15:26,1,1.06,6,N,234,249,2,7,0.5,0.5,0,0,0.3,8.3
,1,2017-12-22 16:12:58,2017-12-22 16:13:01,1,0,6,N,231,231,2,3.5,0,0.5,0,0,0.3,4.3
,1,2017-12-03 21:31:27,2017-12-03 21:31:35,1,10.7,6,N,265,265,2,2.5,0,0.5,0,0,0.3,3.3
,1,2017-12-28 14:57:23,2017-12-28 14:57:32,1,0,6,N,211,211,2,2.5,0,0.5,0,0,0.3,3.3
,1,2017-11-04 11:31:01,2017-11-04 11:31:01,1,0,6,N,138,264,2,5.5,0,0.5,0,0,0.3,6.3
,2,2017-11-09 00:17:26,2017-11-09 00:17:31,1,0,6,N,161,161,2,5.5,0,0.5,0,0,0.3,6.3
,1,2017-11-17 17:01:29,2017-11-17 17:01:35,1,0,6,N,138,138,2,4.5,0,0.5,0,0,0.3,5.3
,1,2017-10-27 05:11:07,2017-10-27 05:11:10,1,7.5,6,N,36,36,2,2.5,0,0.5,0,0,0.3,3.3
,1,2017-05-23 11:39:35,2017-05-23 11:39:35,1,0,6,N,246,264,2,0,0,0,0,0,0,0
,2,2017-05-02 10:32:15,2017-05-02 10:32:22,1,0,6,N,193,193,2,45,0,0,0,0,0,45
,1,2017-05-09 04:48:35,2017-05-09 04:48:40,1,0,6,N,207,207,2,2.5,0,0.5,0,0,0.3,3.3
,1,2017-05-16 14:00:25,2017-05-16 14:00:32,1,0,6,N,132,132,2,2.5,0,0.5,0,0,0.3,3.3
,1,2017-05-17 23:49:44,2017-05-17 23:49:52,1,0,6,N,265,265,1,2.5,0,0.5,40,0,0.3,43.3
,1,2017-11-23 10:45:32,2017-11-23 10:45:37,1,0,6,N,10,10,2,2.5,0,0.5,0,0,0.3,3.3
,1,2017-11-30 20:31:55,2017-11-30 20:34:07,1,0.1,6,N,138,138,2,2.5,0,0.5,0,0,0.3,3.3
,1,2017-10-14 03:27:00,2017-10-14 03:27:00,2,0,6,Y,265,264,2,0,0,0,0,0,0,0
,1,2017-10-04 18:59:06,2017-10-04 18:59:09,1,0,6,N,125,125,2,5.5,0,0.5,0,0,0.3,6.3
,1,2017-10-27 17:37:28,2017-10-27 17:37:32,1,0,6,N,138,138,2,2.5,0,0.5,0,0,0.3,3.3
,1,2017-06-01 23:13:28,2017-06-01 23:13:28,1,0,6,N,215,264,2,1.01,0,0.5,0,0,0.3,1.81
,1,2017-06-01 14:09:23,2017-06-01 14:09:25,1,0,6,N,132,132,2,2.5,0,0.5,0,0,0.3,3.3
,1,2017-06-03 13:53:39,2017-06-03 13:53:41,1,0,6,N,146,146,2,2.5,0,0.5,0,0,0.3,3.3
,1,2017-06-24 05:30:51,2017-06-24 05:30:57,1,0,6,N,265,265,2,2.5,0,0.5,0,0,0.3,3.3
,1,2017-06-08 02:09:40,2017-06-08 02:12:45,1,0.7,6,N,225,17,2,2.5,0,0.5,0,0,0.3,3.3
,1,2017-06-30 23:39:16,2017-06-30 23:39:30,1,0,6,N,87,88,1,2.5,0,0.5,20,0,0.3,23.3
,1,2017-06-28 13:58:08,2017-06-28 14:02:30,1,0.2,6,N,93,93,2,2.5,0,0.5,0,0,0.3,3.3
,1,2017-06-29 23:04:24,2017-06-29 23:07:40,1,0.5,6,N,231,211,2,2.5,0,0.5,0,0,0.3,3.3
,1,2017-08-12 12:30:28,2017-08-12 12:31:38,1,0,6,N,141,141,2,5.5,0,0.5,0,0,0.3,6.3
,2,2017-08-19 15:30:56,2017-08-19 15:31:02,1,0,6,N,264,7,1,5.5,0,0.5,1.26,0,0.3,7.56
,1,2017-08-27 23:11:09,2017-08-27 23:16:23,1,2.5,6,N,132,216,2,2.5,0,0.5,0,0,0.3,3.3
,1,2017-08-13 13:43:40,2017-08-13 13:43:47,1,0,6,N,230,230,2,2.5,0,0.5,0,0,0.3,3.3
,1,2017-08-11 02:03:09,2017-08-11 02:03:55,1,0.1,6,N,148,148,2,2.5,0,0.5,0,0,0.3,3.3
,1,2017-11-08 10:59:49,2017-11-08 10:59:54,1,0,6,N,68,68,2,5.5,0,0.5,0,0,0.3,6.3
,2,2017-11-22 14:45:27,2017-11-22 14:45:43,1,0,6,N,142,142,2,5.5,0,0.5,0,0,0.3,6.3
,1,2017-11-18 19:52:41,2017-11-18 19:52:46,1,0,6,N,246,246,1,2.5,0,0.5,0.66,0,0.3,3.96
,2,2017-06-21 23:55:45,2017-06-21 23:55:50,1,0,6,N,264,263,2,5.5,0,0.5,0,0,0.3,6.3
,1,2017-06-20 05:25:07,2017-06-20 05:26:58,1,0.4,6,N,132,132,2,2.5,0,0.5,0,0,0.3,3.3
,1,2017-06-04 13:21:15,2017-06-04 13:21:20,1,0.1,6,N,265,265,2,2.5,0,0.5,0,0,0.3,3.3
,1,2017-06-30 12:38:11,2017-06-30 12:38:11,1,0,6,N,186,264,2,2.5,0,0.5,0,0,0.3,3.3
,1,2017-06-30 15:16:41,2017-06-30 15:16:52,1,0,6,N,170,170,2,2.5,0,0.5,0,0,0.3,3.3